symbol,signal,entry_price,signal_date,confidence,composite_score,stop_loss,target,regime,gross_1d,ret_1d,win_1d,nifty_1d,excess_1d,gross_3d,ret_3d,win_3d,nifty_3d,excess_3d,gross_5d,ret_5d,win_5d,nifty_5d,excess_5d,gross_10d,ret_10d,win_10d,nifty_10d,excess_10d,entry_date,entry_open,alpha_pead,alpha_momentum,alpha_fii_dii,alpha_mean_rev,alpha_bulk_deal,alpha_delivery_pct,alpha_option_chain,alpha_insider,alpha_fo_ban,alpha_corp_event,alpha_rel_strength,alpha_sector_mom,alpha_pledge,alpha_sast,alpha_shp_delta,alpha_hi52
TATASTEEL.NS,BUY,209.19,2026-05-25,70.0,0.814,200.34,222.46,SIDEWAYS,0.272,-0.128,0,-0.377,0.248,2.287,1.887,1,-1.901,3.788,0.319,-0.081,0,-2.169,2.088,-1.491,-1.891,0.0,-3.174,1.283,2026-05-26,209.9,,,,,,,,,,,,,,,,
MARUTI.NS,BUY,12987.0,2026-05-25,65.0,0.633,12452.29,13789.07,SIDEWAYS,0.152,-0.248,0,-0.377,0.128,1.335,0.935,1,-1.901,2.836,-1.835,-2.235,0,-2.169,-0.066,-1.046,-1.446,0.0,-3.174,1.728,2026-05-26,13188.0,,,,,,,,,,,,,,,,
TITAN.NS,BUY,4079.8,2026-05-25,65.0,0.621,3831.16,4452.76,SIDEWAYS,-1.108,-1.508,0,-0.377,-1.131,-0.337,-0.737,0,-1.901,1.164,-3.066,-3.466,0,-2.169,-1.297,2.608,2.208,1.0,-3.174,5.383,2026-05-26,4151.9,,,,,,,,,,,,,,,,
SUNPHARMA.NS,BUY,1844.6,2026-05-25,60.0,0.6,1766.14,1962.29,SIDEWAYS,0.59,0.19,1,-0.377,0.567,0.781,0.381,1,-1.901,2.283,-1.831,-2.231,0,-2.169,-0.062,-2.612,-3.012,0.0,-3.174,0.162,2026-05-26,1830.0,,,,,,,,,,,,,,,,
DRREDDY.NS,BUY,1307.2,2026-05-25,65.0,0.6,1244.73,1400.91,SIDEWAYS,-0.383,-0.783,0,-0.377,-0.406,-1.05,-1.45,0,-1.901,0.451,-3.196,-3.596,0,-2.169,-1.427,-4.111,-4.511,0.0,-3.174,-1.337,2026-05-26,1333.0,,,,,,,,,,,,,,,,
POWERGRID.NS,BUY,294.3,2026-05-25,63.8,0.565,282.0,312.75,SIDEWAYS,-0.831,-1.231,0,-0.377,-0.854,1.746,1.346,1,-1.901,3.247,-3.0,-3.4,0,-2.169,-1.231,-3.169,-3.569,0.0,-3.174,-0.395,2026-05-26,295.0,,,,,,,,,,,,,,,,
NTPC.NS,BUY,388.65,2026-05-25,61.2,0.535,372.07,413.52,SIDEWAYS,-0.269,-0.669,0,-0.377,-0.292,1.894,1.494,1,-1.901,3.395,-3.084,-3.484,0,-2.169,-1.315,-7.447,-7.847,0.0,-3.174,-4.673,2026-05-26,390.75,,,,,,,,,,,,,,,,
HINDUNILVR.NS,BUY,2203.6,2026-05-25,60.0,0.508,2108.09,2346.87,SIDEWAYS,0.446,0.046,1,-0.377,0.422,-0.055,-0.455,0,-1.901,1.447,-5.242,-5.642,0,-2.169,-3.473,-3.551,-3.951,0.0,-3.174,-0.776,2026-05-26,2199.6,,,,,,,,,,,,,,,,
NTPC.NS,BUY,390.05,2026-05-26,57.5,0.467,373.41,415.0,SIDEWAYS,1.998,1.598,1,0.112,1.486,-0.884,-1.284,0,-2.084,0.801,-5.879,-6.279,0,-1.988,-4.291,-7.16,-7.56,0.0,-2.786,-4.774,2026-05-27,390.35,,,,,,,,,,,,,,,,
TITAN.NS,BUY,4159.2,2026-05-26,57.5,0.467,3911.57,4530.64,SIDEWAYS,0.966,0.566,1,0.112,0.454,-0.571,-0.971,0,-2.084,1.113,-0.493,-0.893,0,-1.988,1.095,2.296,1.896,1.0,-2.786,4.682,2026-05-27,4098.3,,,,,,,,,,,,,,,,
HINDUNILVR.NS,BUY,2196.5,2026-05-26,60.0,0.508,2101.29,2339.32,SIDEWAYS,-0.304,-0.704,0,0.112,-0.816,-2.34,-2.74,0,-2.084,-0.656,-5.052,-5.452,0,-1.988,-3.464,-4.308,-4.708,0.0,-2.786,-1.922,2026-05-27,2205.1,,,,,,,,,,,,,,,,
DIVISLAB.NS,BUY,6756.5,2026-05-26,60.0,0.6,6447.0,7220.75,SIDEWAYS,0.184,-0.216,0,0.112,-0.328,-1.739,-2.139,0,-2.084,-0.055,-3.714,-4.114,0,-1.988,-2.126,-0.472,-0.872,0.0,-2.786,1.915,2026-05-27,6785.0,,,,,,,,,,,,,,,,
BHARTIARTL.NS,BUY,1874.8,2026-05-26,65.0,0.633,1794.54,1995.19,SIDEWAYS,0.641,0.241,1,0.112,0.129,-0.619,-1.019,0,-2.084,1.065,-1.424,-1.824,0,-1.988,0.164,-1.473,-1.873,0.0,-2.786,0.914,2026-05-27,1840.4,,,,,,,,,,,,,,,,
BAJFINANCE.NS,BUY,941.9,2026-05-26,60.0,0.6,898.57,1006.89,SIDEWAYS,-0.091,-0.491,0,0.112,-0.603,-2.548,-2.948,0,-2.084,-0.864,-5.365,-5.765,0,-1.988,-3.777,-6.534,-6.934,0.0,-2.786,-4.148,2026-05-27,932.0,,,,,,,,,,,,,,,,
SUNPHARMA.NS,BUY,1840.6,2026-05-26,70.0,0.767,1763.44,1956.34,SIDEWAYS,-1.11,-1.51,0,0.112,-1.622,-3.528,-3.928,0,-2.084,-1.844,-4.027,-4.427,0,-1.988,-2.439,-4.086,-4.486,0.0,-2.786,-1.699,2026-05-27,1865.0,,,,,,,,,,,,,,,,
TATASTEEL.NS,BUY,210.22,2026-05-26,62.5,0.6,201.46,223.36,SIDEWAYS,1.898,1.498,1,0.112,1.386,-1.272,-1.672,0,-2.084,0.412,-0.047,-0.447,0,-1.988,1.541,-3.787,-4.187,0.0,-2.786,-1.401,2026-05-27,210.7,,,,,,,,,,,,,,,,
BAJFINANCE.NS,BUY,930.2,2026-05-27,60.0,0.6,886.69,995.47,SIDEWAYS,0.0,-0.4,0,-1.483,1.083,-4.521,-4.921,0,-1.751,-3.17,-5.837,-6.237,0,-2.032,-4.205,-4.752,-5.152,0.0,-3.098,-2.054,2026-05-28,931.15,,,,,,,,,,,,,,,,
DRREDDY.NS,BUY,1327.9,2026-05-27,57.5,0.433,1267.46,1418.56,SIDEWAYS,0.0,-0.4,0,-1.483,1.083,-2.168,-2.568,0,-1.751,-0.817,-4.223,-4.623,0,-2.032,-2.591,-3.829,-4.229,0.0,-3.098,-1.13,2026-05-28,1319.0,,,,,,,,,,,,,,,,
HINDUNILVR.NS,BUY,2209.4,2026-05-27,60.0,0.6,2117.2,2347.7,SIDEWAYS,0.0,-0.4,0,-1.483,1.083,-5.19,-5.59,0,-1.751,-3.839,-4.904,-5.304,0,-2.032,-3.272,-2.984,-3.384,0.0,-3.098,-0.286,2026-05-28,2198.4,,,,,,,,,,,,,,,,
NTPC.NS,BUY,389.7,2026-05-27,57.5,0.467,374.22,412.92,SIDEWAYS,0.0,-0.4,0,-1.483,1.083,-4.885,-5.285,0,-1.751,-3.534,-7.874,-8.274,0,-2.032,-6.242,-10.674,-11.074,0.0,-3.098,-7.976,2026-05-28,398.15,,,,,,,,,,,,,,,,
DIVISLAB.NS,BUY,6753.0,2026-05-27,70.0,0.767,6444.36,7215.96,SIDEWAYS,0.0,-0.4,0,-1.483,1.083,-3.59,-3.99,0,-1.751,-2.238,-3.251,-3.651,0,-2.032,-1.62,-2.339,-2.739,0.0,-3.098,0.359,2026-05-28,6797.5,,,,,,,,,,,,,,,,
TATASTEEL.NS,BUY,210.47,2026-05-27,65.0,0.767,202.09,223.04,SIDEWAYS,0.0,-0.4,0,-1.483,1.083,-1.924,-2.324,0,-1.751,-0.572,-1.309,-1.709,0,-2.032,0.323,-5.366,-5.766,0.0,-3.098,-2.667,2026-05-28,214.7,,,,,,,,,,,,,,,,
SUNPHARMA.NS,BUY,1840.8,2026-05-27,70.0,0.767,1765.13,1954.31,SIDEWAYS,0.0,-0.4,0,-1.483,1.083,-2.592,-2.992,0,-1.751,-1.24,-3.026,-3.426,0,-2.032,-1.394,-3.541,-3.941,0.0,-3.098,-0.842,2026-05-28,1844.3,,,,,,,,,,,,,,,,
BHARTIARTL.NS,BUY,1846.9,2026-05-27,65.0,0.633,1766.43,1967.61,SIDEWAYS,0.0,-0.4,0,-1.483,1.083,-2.246,-2.646,0,-1.751,-0.895,-1.517,-1.917,0,-2.032,0.115,-2.872,-3.272,0.0,-3.098,-0.174,2026-05-28,1852.2,,,,,,,,,,,,,,,,
BHARTIARTL.NS,BUY,1852.2,2026-05-28,65.0,0.633,1770.83,1974.26,SIDEWAYS,-1.667,-2.067,0,-1.483,-0.584,-2.462,-2.862,0,-1.751,-1.111,-2.21,-2.61,0,-2.032,-0.578,-4.559,-4.959,0.0,-3.098,-1.861,2026-05-29,1860.0,,,,,,,,,,,,,,,,
BAJFINANCE.NS,BUY,931.15,2026-05-28,60.0,0.6,889.11,994.21,SIDEWAYS,-0.749,-1.149,0,-1.483,0.334,-3.617,-4.017,0,-1.751,-2.266,-4.448,-4.848,0,-2.032,-2.816,-3.388,-3.788,0.0,-3.098,-0.689,2026-05-29,915.1,,,,,,,,,,,,,,,,
DIVISLAB.NS,BUY,6797.5,2026-05-28,60.0,0.6,6484.21,7267.43,SIDEWAYS,-1.956,-2.356,0,-1.483,-0.873,-3.926,-4.326,0,-1.751,-2.575,-2.993,-3.393,0,-2.032,-1.361,-2.125,-2.525,0.0,-3.098,0.573,2026-05-29,6800.0,,,,,,,,,,,,,,,,
SUNPHARMA.NS,BUY,1844.3,2026-05-28,62.5,0.544,1765.6,1962.35,SIDEWAYS,-2.445,-2.845,0,-1.483,-1.363,-2.95,-3.35,0,-1.751,-1.598,-3.481,-3.881,0,-2.032,-1.849,-3.139,-3.539,0.0,-3.098,-0.441,2026-05-29,1844.3,,,,,,,,,,,,,,,,
HINDUNILVR.NS,BUY,2198.4,2026-05-28,57.5,0.514,2110.8,2329.8,SIDEWAYS,0.937,0.537,1,-1.483,2.02,-1.865,-2.265,0,-1.751,-0.514,-2.536,-2.936,0,-2.032,-0.904,1.687,1.287,1.0,-3.098,4.386,2026-05-29,2133.5,,,,,,,,,,,,,,,,
COALINDIA.NS,BUY,463.05,2026-05-28,57.5,0.467,436.71,502.56,SIDEWAYS,-0.218,-0.618,0,-1.483,0.865,2.887,2.487,1,-1.751,4.239,4.958,4.558,1,-2.032,6.589,-1.722,-2.122,0.0,-3.098,0.977,2026-05-29,458.9,,,,,,,,,,,,,,,,
DRREDDY.NS,BUY,1319.0,2026-05-28,57.5,0.433,1256.89,1412.17,SIDEWAYS,-1.16,-1.56,0,-1.483,-0.077,-3.397,-3.797,0,-1.751,-2.046,-3.89,-4.29,0,-2.032,-2.258,-3.571,-3.971,0.0,-3.098,-0.873,2026-05-29,1318.8,,,,,,,,,,,,,,,,
CIPLA.NS,SELL,1418.2,2026-05-28,66.7,-0.329,1481.14,1323.79,SIDEWAYS,0.709,0.309,1,-1.483,1.791,2.247,1.847,1,-1.751,3.598,0.872,0.472,1,-2.032,2.503,2.41,2.01,1.0,-3.098,5.108,2026-05-29,1411.0,,,,,,,,,,,,,,,,
CIPLA.NS,SELL,,2026-05-29,61.7,-0.557,,,SIDEWAYS,1.397,0.997,1,-1.149,2.147,2.468,2.068,1,-1.052,3.12,0.617,0.217,1,-1.217,1.434,1.894,1.494,1.0,-0.134,1.627,2026-06-01,1410.0,,,,,,,,,,,,,,,,
HCLTECH.NS,SELL,,2026-05-29,57.5,-0.533,,,SIDEWAYS,-0.42,-0.82,0,-1.149,0.329,0.933,0.533,1,-1.052,1.585,2.975,2.575,1,-1.217,3.791,6.714,6.314,1.0,-0.134,6.447,2026-06-01,1190.1,,,,,,,,,,,,,,,,
ICICIBANK.NS,SELL,,2026-05-29,56.7,-0.414,,,SIDEWAYS,1.384,0.984,1,-1.149,2.134,1.201,0.801,1,-1.052,1.853,-0.398,-0.798,0,-1.217,0.419,-4.765,-5.165,0.0,-0.134,-5.031,2026-06-01,1257.1,,,,,,,,,,,,,,,,
KOTAKBANK.NS,SELL,,2026-05-29,55.0,-0.367,,,SIDEWAYS,1.757,1.357,1,-1.149,2.507,0.82,0.42,1,-1.052,1.472,1.744,1.344,1,-1.217,2.561,-2.395,-2.795,0.0,-0.134,-2.661,2026-06-01,384.15,,,,,,,,,,,,,,,,
BHARTIARTL.NS,BUY,,2026-05-29,62.5,0.411,,,SIDEWAYS,-1.06,-1.46,0,-1.149,-0.311,-0.322,-0.722,0,-1.052,0.33,-1.738,-2.138,0,-1.217,-0.921,-2.59,-2.99,0.0,-0.134,-2.857,2026-06-01,1830.0,,,,,,,,,,,,,,,,
LT.NS,SELL,,2026-05-29,60.0,-0.271,,,SIDEWAYS,1.912,1.512,1,-1.149,2.662,3.321,2.921,1,-1.052,3.973,3.321,2.921,1,-1.217,4.138,5.551,5.151,1.0,-0.134,5.285,2026-06-01,4089.0,,,,,,,,,,,,,,,,
SUNPHARMA.NS,BUY,,2026-05-29,60.0,0.371,,,SIDEWAYS,-0.855,-1.255,0,-1.149,-0.106,-1.297,-1.697,0,-1.052,-0.645,-1.645,-2.045,0,-1.217,-0.828,-0.982,-1.382,0.0,-0.134,-1.249,2026-06-01,1812.0,,,,,,,,,,,,,,,,
ASIANPAINT.NS,SELL,,2026-05-29,60.0,-0.271,,,SIDEWAYS,3.667,3.267,1,-1.149,4.416,2.569,2.169,1,-1.052,3.221,1.68,1.28,1,-1.217,2.496,1.526,1.126,1.0,-0.134,1.26,2026-06-01,2732.6,,,,,,,,,,,,,,,,
ITC.NS,BUY,291.95,2026-05-30,66.5,0.319,282.34,306.37,SIDEWAYS,-2.832,-3.232,0,-1.149,-2.082,-3.753,-4.153,0,-1.052,-3.1,-2.467,-2.867,0,-1.217,-1.65,-1.876,-2.276,0.0,-0.134,-2.143,2026-06-01,287.8,0.0,-0.971,0.0,0.9,0.0,0.39,0.0,0.0,0.0,0.327,,,,,,
M&M.NS,BUY,3121.6,2026-05-30,69.9,0.254,2980.13,3333.8,SIDEWAYS,-2.616,-3.016,0,-1.149,-1.867,-1.275,-1.675,0,-1.052,-0.623,-0.311,-0.711,0,-1.217,0.505,-1.61,-2.01,0.0,-0.134,-1.876,2026-06-01,3050.0,0.0,-0.043,0.0,0.0,0.0,0.65,0.0,0.0,0.0,0.0,,,,,,
SBILIFE.NS,BUY,1864.5,2026-05-30,66.3,0.263,1794.25,1969.88,SIDEWAYS,-1.441,-1.841,0,-1.149,-0.692,-2.98,-3.38,0,-1.052,-2.328,-3.056,-3.456,0,-1.217,-2.239,-6.52,-6.92,0.0,-0.134,-6.786,2026-06-01,1839.0,0.0,-0.014,0.0,0.0,0.0,0.553,0.0,0.0,0.0,0.0,,,,,,
SUNPHARMA.NS,BUY,1844.3,2026-05-30,67.9,0.277,1763.89,1964.91,SIDEWAYS,-0.855,-1.255,0,-1.149,-0.106,-1.297,-1.697,0,-1.052,-0.645,-1.645,-2.045,0,-1.217,-0.828,-0.982,-1.382,0.0,-0.134,-1.249,2026-06-01,1812.0,0.0,-0.101,0.0,0.9,0.0,0.65,0.0,0.0,0.0,0.339,,,,,,
TCS.NS,BUY,2284.2,2026-05-30,60.0,0.407,2192.2,2422.2,SIDEWAYS,0.587,0.187,1,-1.149,1.336,-1.852,-2.252,0,-1.052,-1.2,-3.726,-4.126,0,-1.217,-2.909,-6.497,-6.897,0.0,-0.134,-6.764,2026-06-01,2284.0,0.0,-0.942,0.0,0.9,0.0,0.65,0.0,0.0,0.0,0.126,,,,,,
COALINDIA.NS,BUY,463.05,2026-05-30,65.5,0.525,432.25,509.24,SIDEWAYS,3.516,3.116,1,-1.149,4.265,3.45,3.05,1,-1.052,4.102,3.45,3.05,1,-1.217,4.266,-2.267,-2.667,0.0,-0.134,-2.533,2026-06-01,456.55,0.0,0.536,0.0,0.0,0.0,0.35,0.0,0.0,0.0,0.0,,,,,,
APOLLOHOSP.NS,BUY,8272.5,2026-05-30,61.9,0.452,7948.13,8759.06,SIDEWAYS,-1.374,-1.774,0,-1.149,-0.625,0.839,0.439,1,-1.052,1.491,1.01,0.61,1,-1.217,1.826,3.302,2.902,1.0,-0.134,3.036,2026-06-01,8221.5,0.0,0.362,0.0,0.0,0.0,0.642,0.0,0.0,0.0,0.314,,,,,,
COLPAL.NS,BUY,2087.4,2026-05-30,68.0,0.441,1987.53,2237.21,SIDEWAYS,-2.908,-3.308,0,-1.149,-2.158,-1.517,-1.917,0,-1.052,-0.865,-2.449,-2.849,0,-1.217,-1.632,-1.029,-1.429,0.0,-0.134,-1.296,2026-06-01,2049.7,0.0,-0.652,0.0,0.9,0.0,0.65,0.0,0.0,0.0,0.339,,,,,,
BHARTIARTL.NS,BUY,1852.2,2026-05-30,62.7,0.54,1770.89,1974.16,SIDEWAYS,-1.06,-1.46,0,-1.149,-0.311,-0.322,-0.722,0,-1.052,0.33,-1.738,-2.138,0,-1.217,-0.921,-2.59,-2.99,0.0,-0.134,-2.857,2026-06-01,1830.0,0.0,-0.159,0.0,0.9,0.0,0.611,0.0,0.0,0.0,0.226,,,,,,
ONGC.NS,BUY,274.05,2026-05-30,70.9,0.771,259.69,295.59,SIDEWAYS,-0.844,-1.244,0,-1.149,-0.095,0.45,0.05,1,-1.052,1.102,-0.675,-1.075,0,-1.217,0.141,-5.234,-5.634,0.0,-0.134,-5.5,2026-06-01,266.55,0.0,0.739,0.0,0.9,0.0,0.65,0.0,0.0,0.0,0.372,,,,,,
DIVISLAB.NS,BUY,6667.0,2026-06-01,70.0,0.767,6348.0,7145.5,SIDEWAYS,0.353,-0.047,0,1.095,-1.142,1.329,0.929,1,0.807,0.122,0.169,-0.231,0,-0.457,0.226,1.513,1.113,1.0,2.69,-1.576,2026-06-02,6510.0,,,,,,,,,,,,,,,,
BHARTIARTL.NS,BUY,1829.0,2026-06-01,65.0,0.633,1754.47,1940.79,SIDEWAYS,1.636,1.236,1,1.095,0.141,1.899,1.499,1,0.807,0.692,0.739,0.339,1,-0.457,0.796,2.101,1.701,1.0,2.69,-0.989,2026-06-02,1785.0,,,,,,,,,,,,,,,,
COALINDIA.NS,BUY,457.9,2026-06-01,57.5,0.467,432.02,496.72,SIDEWAYS,0.49,0.09,1,1.095,-1.006,2.511,2.111,1,0.807,1.305,0.521,0.121,1,-0.457,0.578,-5.608,-6.008,0.0,2.69,-8.698,2026-06-02,469.85,,,,,,,,,,,,,,,,
SUNPHARMA.NS,BUY,1799.2,2026-06-01,66.0,0.435,1716.33,1923.51,SIDEWAYS,-0.24,-0.64,0,1.095,-1.735,-0.786,-1.186,0,0.807,-1.993,-0.669,-1.069,0,-0.457,-0.612,0.752,0.352,1.0,2.69,-2.337,2026-06-02,1794.2,,,,,,,,,,,,,,,,
DRREDDY.NS,BUY,1303.5,2026-06-01,57.5,0.433,1239.83,1399.01,SIDEWAYS,-0.484,-0.884,0,1.095,-1.979,-0.992,-1.392,0,0.807,-2.199,-0.156,-0.556,0,-0.457,-0.099,-0.375,-0.775,0.0,2.69,-3.464,2026-06-02,1280.2,,,,,,,,,,,,,,,,
HINDUNILVR.NS,BUY,2153.5,2026-06-01,66.2,0.4,2067.26,2282.86,SIDEWAYS,0.707,0.307,1,1.095,-0.788,0.019,-0.381,0,0.807,-1.188,2.044,1.644,1,-0.457,2.101,4.319,3.919,1.0,2.69,1.23,2026-06-02,2079.0,,,,,,,,,,,,,,,,
TATASTEEL.NS,BUY,208.02,2026-06-01,65.0,0.4,198.61,222.13,SIDEWAYS,0.761,0.361,1,1.095,-0.734,0.746,0.346,1,0.807,-0.46,-1.072,-1.472,0,-0.457,-1.015,-5.335,-5.735,0.0,2.69,-8.424,2026-06-02,209.01,,,,,,,,,,,,,,,,
EICHERMOT.NS,BUY,7177.0,2026-06-01,61.7,0.3,6842.21,7679.18,SIDEWAYS,1.026,0.626,1,1.095,-0.47,0.58,0.18,1,0.807,-0.627,0.014,-0.386,0,-0.457,0.071,3.438,3.038,1.0,2.69,0.348,2026-06-02,7069.0,,,,,,,,,,,,,,,,
ADANIENT.NS,BUY,2909.4,2026-06-02,60.0,0.6,2730.69,3177.47,SIDEWAYS,-1.162,-1.562,0,-0.044,-1.518,2.98,2.58,1,-0.21,2.79,0.338,-0.062,0,-0.742,0.68,-0.591,-0.991,0.0,2.448,-3.439,2026-06-03,2960.0,,,,,,,,,,,,,,,,
BHARTIARTL.NS,BUY,1810.6,2026-06-02,65.0,0.633,1734.2,1925.2,SIDEWAYS,-0.317,-0.717,0,-0.044,-0.673,-1.732,-2.132,0,-0.21,-1.922,-0.907,-1.307,0,-0.742,-0.565,0.618,0.218,1.0,2.448,-2.23,2026-06-03,1829.9,,,,,,,,,,,,,,,,
SUNPHARMA.NS,BUY,1796.5,2026-06-02,66.2,0.635,1722.94,1906.84,SIDEWAYS,0.421,0.021,1,-0.044,0.065,0.067,-0.333,0,-0.21,-0.122,0.438,0.038,1,-0.742,0.78,1.404,1.004,1.0,2.448,-1.444,2026-06-03,1781.0,,,,,,,,,,,,,,,,
DRREDDY.NS,BUY,1290.4,2026-06-02,65.0,0.6,1229.07,1382.39,SIDEWAYS,-0.488,-0.888,0,-0.044,-0.844,0.685,0.285,1,-0.21,0.496,0.481,0.081,1,-0.742,0.823,0.788,0.388,1.0,2.448,-2.06,2026-06-03,1269.5,,,,,,,,,,,,,,,,
HINDUNILVR.NS,BUY,2084.3,2026-06-02,66.7,0.675,1992.89,2221.42,SIDEWAYS,-0.067,-0.467,0,-0.044,-0.423,1.41,1.01,1,-0.21,1.22,0.865,0.465,1,-0.742,1.208,3.064,2.664,1.0,2.448,0.216,2026-06-03,2092.0,,,,,,,,,,,,,,,,
TATASTEEL.NS,BUY,210.57,2026-06-02,65.0,0.767,201.15,224.69,SIDEWAYS,0.56,0.16,1,-0.044,0.204,-1.87,-2.27,0,-0.21,-2.06,-3.792,-4.192,0,-0.742,-3.45,-6.374,-6.774,0.0,2.448,-9.222,2026-06-03,210.71,,,,,,,,,,,,,,,,
DIVISLAB.NS,BUY,6553.5,2026-06-02,70.0,0.775,6226.21,7044.43,SIDEWAYS,0.867,0.467,1,-0.044,0.511,1.58,1.18,1,-0.21,1.39,3.574,3.174,1,-0.742,3.916,2.952,2.552,1.0,2.448,0.105,2026-06-03,6520.0,,,,,,,,,,,,,,,,
BAJFINANCE.NS,BUY,889.05,2026-06-02,65.0,0.675,847.26,951.73,SIDEWAYS,-0.59,-0.99,0,-0.044,-0.945,0.839,0.439,1,-0.21,0.649,-1.236,-1.636,0,-0.742,-0.893,6.837,6.437,1.0,2.448,3.989,2026-06-03,882.0,,,,,,,,,,,,,,,,
SUNPHARMA.NS,BUY,1789.9,2026-06-03,66.2,0.635,1717.27,1898.84,SIDEWAYS,-0.386,-0.786,0,0.576,-1.362,-0.269,-0.669,0,-0.685,0.016,-0.448,-0.848,0,-0.29,-0.558,0.767,0.367,1.0,3.45,-3.083,2026-06-04,1787.0,,,,,,,,,,,,,,,,
DRREDDY.NS,BUY,1274.0,2026-06-03,65.0,0.675,1220.27,1354.59,SIDEWAYS,0.811,0.411,1,0.576,-0.165,1.662,1.262,1,-0.685,1.947,0.891,0.491,1,-0.29,0.781,1.559,1.159,1.0,3.45,-2.291,2026-06-04,1257.3,,,,,,,,,,,,,,,,
HINDUNILVR.NS,BUY,2093.7,2026-06-03,66.7,0.675,2004.36,2227.71,SIDEWAYS,-0.46,-0.86,0,0.576,-1.436,1.556,1.156,1,-0.685,1.841,2.097,1.697,1,-0.29,1.987,5.309,4.909,1.0,3.45,1.459,2026-06-04,2089.0,,,,,,,,,,,,,,,,
BHARTIARTL.NS,BUY,1814.2,2026-06-03,65.0,0.633,1739.21,1926.68,SIDEWAYS,0.215,-0.185,0,0.576,-0.761,-0.926,-1.326,0,-0.685,-0.641,-0.882,-1.282,0,-0.29,-0.992,2.094,1.694,1.0,3.45,-1.756,2026-06-04,1815.0,,,,,,,,,,,,,,,,
TATASTEEL.NS,BUY,210.6,2026-06-03,65.0,0.767,201.61,224.09,SIDEWAYS,0.071,-0.329,0,0.576,-0.905,-1.735,-2.135,0,-0.685,-1.45,-3.441,-3.841,0,-0.29,-3.551,-6.853,-7.253,0.0,3.45,-10.703,2026-06-04,210.42,,,,,,,,,,,,,,,,
DIVISLAB.NS,BUY,6533.0,2026-06-03,70.0,0.775,6223.64,6997.04,SIDEWAYS,0.695,0.295,1,0.576,-0.281,-0.458,-0.858,0,-0.685,-0.173,1.336,0.936,1,-0.29,1.226,1.717,1.317,1.0,3.45,-2.133,2026-06-04,6551.0,,,,,,,,,,,,,,,,
BAJFINANCE.NS,BUY,882.0,2026-06-03,70.0,0.775,839.27,946.09,SIDEWAYS,0.483,0.083,1,0.576,-0.493,2.206,1.806,1,-0.685,2.491,1.919,1.519,1,-0.29,1.809,10.279,9.879,1.0,3.45,6.429,2026-06-04,870.2,,,,,,,,,,,,,,,,
CIPLA.NS,BUY,1379.3,2026-06-03,70.0,0.767,1327.27,1457.34,SIDEWAYS,2.469,2.069,1,0.576,1.493,2.659,2.259,1,-0.685,2.944,0.842,0.442,1,-0.29,0.732,0.601,0.201,1.0,3.45,-3.249,2026-06-04,1365.0,,,,,,,,,,,,,,,,
TATASTEEL.NS,BUY,211.89,2026-06-04,65.0,0.767,202.75,225.6,SIDEWAYS,-1.256,-1.656,0,-0.478,-1.178,-3.19,-3.59,0,-1.009,-2.581,-4.819,-5.219,0,-1.352,-3.867,-4.962,-5.362,0.0,2.935,-8.297,2026-06-05,209.4,,,,,,,,,,,,,,,,
CIPLA.NS,BUY,1375.2,2026-06-04,70.0,0.767,1331.77,1440.34,SIDEWAYS,0.524,0.124,1,-0.478,0.602,-0.438,-0.838,0,-1.009,0.171,-1.22,-1.62,0,-1.352,-0.268,-3.099,-3.499,0.0,2.935,-6.434,2026-06-05,1394.0,,,,,,,,,,,,,,,,
HINDUNILVR.NS,BUY,2090.6,2026-06-04,66.7,0.675,2003.19,2221.72,SIDEWAYS,1.668,1.268,1,-0.478,1.746,1.121,0.721,1,-1.009,1.73,3.968,3.568,1,-1.352,4.92,5.315,4.915,1.0,2.935,1.98,2026-06-05,2086.7,,,,,,,,,,,,,,,,
BAJFINANCE.NS,BUY,876.8,2026-06-04,66.7,0.675,835.14,939.29,SIDEWAYS,1.762,1.362,1,-0.478,1.84,-0.332,-0.732,0,-1.009,0.277,1.156,0.756,1,-1.352,2.107,9.657,9.257,1.0,2.935,6.322,2026-06-05,874.0,,,,,,,,,,,,,,,,
DRREDDY.NS,BUY,1263.3,2026-06-04,66.7,0.675,1214.49,1336.52,SIDEWAYS,0.408,0.008,1,-0.478,0.487,0.204,-0.196,0,-1.009,0.813,-0.102,-0.502,0,-1.352,0.85,-0.314,-0.714,0.0,2.935,-3.649,2026-06-05,1273.0,,,,,,,,,,,,,,,,
DIVISLAB.NS,BUY,6576.5,2026-06-04,65.0,0.675,6265.21,7043.43,SIDEWAYS,-0.203,-0.603,0,-0.478,-0.125,1.755,1.355,1,-1.009,2.364,0.286,-0.114,0,-1.352,1.238,1.966,1.566,1.0,2.935,-1.368,2026-06-05,6636.5,,,,,,,,,,,,,,,,
NTPC.NS,BUY,366.8,2026-06-04,66.2,0.653,350.24,391.64,SIDEWAYS,-1.175,-1.575,0,-0.478,-1.097,-0.97,-1.37,0,-1.009,-0.361,-3.908,-4.308,0,-1.352,-2.956,-2.842,-3.242,0.0,2.935,-6.177,2026-06-05,365.95,,,,,,,,,,,,,,,,
SUNPHARMA.NS,BUY,1788.5,2026-06-04,66.2,0.635,1715.63,1897.81,SIDEWAYS,-0.38,-0.78,0,-0.478,-0.302,-0.011,-0.411,0,-1.009,0.598,-0.145,-0.545,0,-1.352,0.806,1.755,1.355,1.0,2.935,-1.58,2026-06-05,1789.0,,,,,,,,,,,,,,,,
CIPLA.NS,BUY,1398.7,2026-06-05,60.0,0.6,1350.76,1470.61,SIDEWAYS,0.524,0.124,1,0.183,-0.06,-1.255,-1.655,0,0.582,-2.237,-0.768,-1.168,0,2.349,-3.517,-2.762,-3.162,0.0,4.04,-7.202,2026-06-07,1394.0,,,,,,,,,,,,,,,,
HINDUNILVR.NS,BUY,2079.4,2026-06-05,65.0,0.508,1994.17,2207.24,SIDEWAYS,1.668,1.268,1,0.183,1.084,2.209,1.809,1,0.582,1.228,2.545,2.145,1,2.349,-0.204,6.316,5.916,1.0,4.04,1.876,2026-06-07,2086.7,,,,,,,,,,,,,,,,
NTPC.NS,BUY,366.4,2026-06-05,65.0,0.535,349.99,391.01,SIDEWAYS,-1.175,-1.575,0,0.183,-1.758,-2.815,-3.215,0,0.582,-3.796,-3.853,-4.253,0,2.349,-6.602,-1.093,-1.493,0.0,4.04,-5.533,2026-06-07,365.95,,,,,,,,,,,,,,,,
ADANIENT.NS,BUY,2972.8,2026-06-05,60.0,0.6,2824.0,3196.0,SIDEWAYS,1.878,1.478,1,0.183,1.295,-0.404,-0.804,0,0.582,-1.386,-2.781,-3.181,0,2.349,-5.53,0.715,0.315,1.0,4.04,-3.725,2026-06-07,2992.0,,,,,,,,,,,,,,,,
SUNPHARMA.NS,BUY,1780.1,2026-06-05,66.2,0.635,1707.21,1889.43,SIDEWAYS,-0.38,-0.78,0,0.183,-0.963,-0.559,-0.959,0,0.582,-1.541,0.291,-0.109,0,2.349,-2.458,2.001,1.601,1.0,4.04,-2.439,2026-06-07,1789.0,,,,,,,,,,,,,,,,
TATASTEEL.NS,BUY,210.57,2026-06-05,60.0,0.633,202.21,223.11,SIDEWAYS,-1.256,-1.656,0,0.183,-1.839,-2.97,-3.37,0,0.582,-3.952,-5.463,-5.863,0,2.349,-8.212,-4.241,-4.641,0.0,4.04,-8.68,2026-06-07,209.4,,,,,,,,,,,,,,,,
DIVISLAB.NS,BUY,6596.5,2026-06-05,65.0,0.675,6293.36,7051.21,SIDEWAYS,-0.761,-1.161,0,0.183,-1.344,1.027,0.627,1,0.582,0.046,1.02,0.62,1,2.349,-1.73,2.618,2.218,1.0,4.04,-1.822,2026-06-08,6571.0,,,,,,,,,,,,,,,,
EICHERMOT.NS,BUY,7110.0,2026-06-05,66.7,0.729,6822.36,7541.46,SIDEWAYS,-0.98,-1.38,0,0.183,-1.564,0.882,0.482,1,0.582,-0.099,0.553,0.153,1,2.349,-2.196,6.457,6.057,1.0,4.04,2.017,2026-06-07,7140.0,,,,,,,,,,,,,,,,
BRITANNIA.NS,SELL,5120.5,2026-06-07,62.0,-0.305,5268.93,4897.86,SIDEWAYS,0.304,-0.096,0,0.183,-0.279,-1.512,-1.912,0,0.582,-2.493,-1.404,-1.804,0,2.349,-4.153,-1.983,-2.383,0.0,4.04,-6.422,2026-06-08,5094.0,0.0,-0.333,0.0,0.0,0.0,0.154,0.0,0.0,0.0,0.0,-0.629,-0.614,,,,
NESTLEIND.NS,BUY,1386.2,2026-06-07,64.0,0.357,1333.39,1465.42,SIDEWAYS,1.738,1.338,1,0.183,1.155,4.604,4.204,1,0.582,3.622,0.051,-0.349,0,2.349,-2.698,2.895,2.495,1.0,4.04,-1.545,2026-06-08,1375.0,0.0,0.684,0.0,0.0,0.0,0.207,0.0,0.0,0.0,0.0,0.9,-0.614,,,,
MARICO.NS,BUY,810.65,2026-06-07,68.5,0.403,777.86,859.84,SIDEWAYS,0.735,0.335,1,0.183,0.151,2.092,1.692,1,0.582,1.11,1.986,1.586,1,2.349,-0.763,1.737,1.337,1.0,4.04,-2.703,2026-06-08,803.1,0.0,0.579,0.0,0.0,0.0,0.65,0.0,0.0,0.0,0.0,0.695,-0.614,,,,
RELIANCE.NS,BUY,1291.0,2026-06-07,64.0,0.424,1246.64,1357.54,SIDEWAYS,-1.073,-1.473,0,0.183,-1.656,-1.425,-1.825,0,0.582,-2.407,1.253,0.853,1,2.349,-1.496,2.545,2.145,1.0,4.04,-1.895,2026-06-08,1277.0,0.0,-0.263,0.0,0.9,0.0,0.611,0.0,0.0,0.0,0.0,-0.155,-0.463,,,,
ULTRACEMCO.NS,BUY,10912.0,2026-06-07,60.6,0.45,10499.57,11530.64,SIDEWAYS,0.344,-0.056,0,0.183,-0.239,1.004,0.604,1,0.582,0.022,3.337,2.937,1,2.349,0.588,5.661,5.261,1.0,4.04,1.221,2026-06-08,10758.0,0.0,0.018,0.0,0.9,0.0,0.571,0.0,0.0,0.0,0.0,-0.22,-0.113,,,,
JSWSTEEL.NS,BUY,1284.0,2026-06-07,60.2,0.591,1234.61,1358.08,SIDEWAYS,-0.732,-1.132,0,0.183,-1.316,-0.016,-0.416,0,0.582,-0.997,2.173,1.773,1,2.349,-0.576,1.394,0.994,1.0,4.04,-3.046,2026-06-08,1270.0,0.0,0.86,0.0,0.0,0.0,0.326,0.0,0.0,0.0,0.0,0.758,0.286,,,,
SUNPHARMA.NS,BUY,1782.2,2026-06-07,60.1,0.603,1714.29,1884.07,SIDEWAYS,0.455,0.055,1,0.183,-0.128,0.32,-0.08,0,0.582,-0.662,1.516,1.116,1,2.349,-1.233,3.235,2.835,1.0,4.04,-1.205,2026-06-08,1780.7,0.0,0.228,0.0,0.9,0.0,0.138,0.0,0.0,0.0,0.0,0.38,0.248,,,,
NTPC.NS,BUY,361.65,2026-06-07,63.3,0.642,344.66,387.13,SIDEWAYS,0.961,0.561,1,0.183,0.378,-2.034,-2.434,0,0.582,-3.015,-1.407,-1.807,0,2.349,-4.156,1.908,1.508,1.0,4.04,-2.531,2026-06-08,358.95,0.0,0.614,0.0,0.9,0.0,0.195,0.0,0.0,0.0,0.0,0.079,-0.463,,,,
HINDALCO.NS,BUY,1092.6,2026-06-07,64.5,0.733,1031.47,1184.29,SIDEWAYS,0.132,-0.268,0,0.183,-0.451,-2.045,-2.445,0,0.582,-3.027,-3.713,-4.113,0,2.349,-6.463,-4.807,-5.207,0.0,4.04,-9.247,2026-06-08,1061.0,0.0,0.965,0.0,0.9,0.0,0.136,0.0,0.0,0.0,0.0,0.9,0.286,,,,
TATAPOWER.NS,BUY,409.2,2026-06-07,63.6,0.492,393.74,432.39,SIDEWAYS,0.037,-0.363,0,0.183,-0.546,-2.302,-2.702,0,0.582,-3.283,-2.599,-2.999,0,2.349,-5.348,-0.421,-0.821,0.0,4.04,-4.86,2026-06-08,404.05,0.0,0.193,0.0,0.9,0.0,0.097,0.0,0.0,0.0,0.0,0.9,-0.463,,,,
KOTAKBANK.NS,SELL,377.45,2026-06-08,60.3,-0.338,392.56,354.78,SIDEWAYS,-0.527,-0.927,0,-0.073,-0.854,-3.595,-3.995,0,-0.419,-3.576,-6.861,-7.261,0,2.557,-9.818,-5.913,-6.313,0.0,3.628,-9.941,2026-06-09,379.7,0.0,-0.579,0.0,0.0,0.0,0.087,0.0,0.0,0.0,0.0,-0.013,0.03,,,,
PIDILITIND.NS,SELL,1476.6,2026-06-08,65.3,-0.451,1523.5,1406.25,SIDEWAYS,-1.05,-1.45,0,-0.073,-1.377,-2.209,-2.609,0,-0.419,-2.191,-7.133,-7.533,0,2.557,-10.091,-7.215,-7.615,0.0,3.628,-11.243,2026-06-09,1466.4,0.0,-0.509,0.0,-0.9,0.0,0.178,0.0,0.0,0.0,0.0,0.63,0.0,,,,
SBIN.NS,SELL,977.7,2026-06-08,62.8,-0.409,1012.95,924.82,SIDEWAYS,-1.797,-2.197,0,-0.073,-2.124,-1.594,-1.994,0,-0.419,-1.575,-3.64,-4.04,0,2.557,-6.597,-5.66,-6.06,0.0,3.628,-9.688,2026-06-09,985.0,0.0,0.754,0.0,-0.9,0.0,-0.077,0.0,0.0,0.0,0.0,-0.679,0.03,,,,
BRITANNIA.NS,SELL,5120.5,2026-06-08,62.8,-0.282,5268.93,4897.86,SIDEWAYS,-0.551,-0.951,0,-0.073,-0.878,-0.66,-1.06,0,-0.419,-0.641,-2.362,-2.762,0,2.557,-5.32,-2.717,-3.117,0.0,3.628,-6.745,2026-06-09,5079.5,0.0,-0.333,0.0,0.0,0.0,0.269,0.0,0.0,0.0,0.0,-0.675,-0.614,,,,
BPCL.NS,SELL,295.0,2026-06-08,62.5,-0.361,308.38,274.93,SIDEWAYS,-0.121,-0.521,0,-0.073,-0.448,0.831,0.431,1,-0.419,0.85,-7.567,-7.967,0,2.557,-10.525,-6.874,-7.274,0.0,3.628,-10.903,2026-06-09,288.75,0.0,-0.439,0.0,0.0,0.0,0.12,0.0,0.0,0.0,0.0,-0.822,-0.463,,,,
GRASIM.NS,BUY,3087.7,2026-06-08,60.2,0.436,2962.34,3275.74,SIDEWAYS,0.824,0.424,1,-0.073,0.497,0.629,0.229,1,-0.419,0.648,3.071,2.671,1,2.557,0.114,3.42,3.02,1.0,3.628,-0.608,2026-06-09,3070.2,0.0,0.439,0.0,0.5,0.0,0.31,0.0,0.0,0.0,0.0,0.9,-0.113,,,,
TATAPOWER.NS,BUY,409.2,2026-06-08,62.7,0.477,393.74,432.39,SIDEWAYS,-1.41,-1.81,0,-0.073,-1.737,-3.487,-3.887,0,-0.419,-3.468,-0.062,-0.462,0,2.557,-3.019,0.396,-0.004,0.0,3.628,-3.632,2026-06-09,404.35,0.0,0.193,0.0,0.9,0.0,0.001,0.0,0.0,0.0,0.0,0.9,-0.463,,,,
RELIANCE.NS,BUY,1291.0,2026-06-08,65.8,0.426,1246.64,1357.54,SIDEWAYS,0.016,-0.384,0,-0.073,-0.311,-0.473,-0.873,0,-0.419,-0.454,2.994,2.594,1,2.557,0.037,4.531,4.131,1.0,3.628,0.503,2026-06-09,1269.0,0.0,-0.263,0.0,0.9,0.0,0.65,0.0,0.0,0.0,0.0,-0.202,-0.463,,,,
NTPC.NS,BUY,361.65,2026-06-08,64.0,0.632,344.66,387.13,SIDEWAYS,-1.971,-2.371,0,-0.073,-2.298,-3.018,-3.418,0,-0.419,-2.999,-4.052,-4.452,0,2.557,-7.009,1.171,0.771,1.0,3.628,-2.857,2026-06-09,362.8,0.0,0.614,0.0,0.9,0.0,0.147,0.0,0.0,0.0,0.0,0.032,-0.463,,,,
HINDALCO.NS,BUY,1092.6,2026-06-08,64.8,0.728,1031.47,1184.29,SIDEWAYS,0.251,-0.149,0,-0.073,-0.076,-4.628,-5.028,0,-0.419,-4.609,-5.596,-5.996,0,2.557,-8.553,-5.568,-5.968,0.0,3.628,-9.596,2026-06-09,1074.0,0.0,0.965,0.0,0.9,0.0,0.106,0.0,0.0,0.0,0.0,0.9,0.286,,,,
ADANIPORTS.NS,BUY,1805.0,2026-06-09,60.2,0.548,1736.97,1907.04,SIDEWAYS,-0.263,-0.663,0,-0.082,-0.581,-0.717,-1.117,0,1.674,-2.791,-0.219,-0.619,0,3.25,-3.869,-2.3,-2.7,0.0,2.54,-5.24,2026-06-10,1826.0,0.0,0.719,0.0,0.0,0.0,0.35,0.0,0.0,0.0,0.0,0.9,0.149,,,,
SIEMENS.NS,BUY,3624.0,2026-06-09,66.1,0.614,3370.06,4004.91,SIDEWAYS,-1.412,-1.812,0,-0.082,-1.73,-1.772,-2.172,0,1.674,-3.846,0.08,-0.32,0,3.25,-3.571,1.428,1.028,1.0,2.54,-1.512,2026-06-10,3634.0,0.0,0.158,0.0,0.9,0.0,0.107,0.0,0.0,0.0,0.0,0.9,0.782,,,,
NTPC.NS,BUY,362.4,2026-06-09,64.0,0.636,345.29,388.06,SIDEWAYS,-2.047,-2.447,0,-0.082,-2.366,-1.421,-1.821,0,1.674,-3.495,-0.961,-1.361,0,3.25,-4.611,1.56,1.16,1.0,2.54,-1.38,2026-06-10,359.0,0.0,0.579,0.0,0.9,0.0,0.55,0.0,0.0,0.0,0.0,0.13,-0.55,,,,
BRITANNIA.NS,SELL,5078.5,2026-06-09,63.2,-0.339,5226.64,4856.29,SIDEWAYS,-1.194,-1.594,0,-0.082,-1.512,-1.086,-1.486,0,1.674,-3.16,-2.104,-2.504,0,3.25,-5.754,-2.564,-2.964,0.0,2.54,-5.504,2026-06-10,5110.0,0.0,-0.368,0.0,0.0,0.0,0.109,0.0,0.0,0.0,0.0,-0.627,-0.666,,,,
HINDALCO.NS,BUY,1062.4,2026-06-09,62.8,0.733,1004.67,1148.99,SIDEWAYS,-2.587,-2.987,0,-0.082,-2.905,-4.246,-4.646,0,1.674,-6.32,-7.92,-8.32,0,3.25,-11.571,-7.508,-7.908,0.0,2.54,-10.448,2026-06-10,1066.9,0.0,0.965,0.0,0.9,0.0,0.226,0.0,0.0,0.0,0.0,0.9,0.155,,,,
TATASTEEL.NS,BUY,202.72,2026-06-09,60.0,0.792,194.06,215.72,SIDEWAYS,-1.818,-2.218,0,-0.082,-2.136,-2.532,-2.932,0,1.674,-4.606,-3.448,-3.848,0,3.25,-7.099,-4.65,-5.05,0.0,2.54,-7.59,2026-06-10,203.0,0.0,0.895,0.0,0.9,0.0,0.053,0.0,0.0,0.0,0.0,0.866,0.155,,,,
GRASIM.NS,BUY,3050.1,2026-06-09,68.6,0.66,2930.8,3229.05,SIDEWAYS,-0.608,-1.008,0,-0.082,-0.927,0.502,0.102,1,1.674,-1.572,1.628,1.228,1,3.25,-2.023,1.757,1.357,1.0,2.54,-1.183,2026-06-10,3090.0,0.0,0.439,0.0,0.9,0.0,0.114,0.0,0.0,0.0,0.0,0.9,0.016,,,,
GRASIM.NS,BUY,3095.5,2026-06-10,64.4,0.441,2992.96,3249.31,SIDEWAYS,1.03,0.63,1,0.248,0.383,3.483,3.083,1,3.244,-0.161,3.022,2.622,1,4.247,-1.626,2.286,1.886,1.0,3.97,-2.084,2026-06-11,3058.0,0.0,0.439,0.0,0.0,0.0,0.137,0.0,0.0,0.0,0.0,0.9,0.009,,,,
TATASTEEL.NS,BUY,203.18,2026-06-10,67.5,0.906,194.34,216.44,SIDEWAYS,0.263,-0.137,0,0.248,-0.384,-0.081,-0.481,0,3.244,-3.725,0.795,0.395,1,4.247,-3.852,-3.687,-4.087,0.0,3.97,-8.057,2026-06-11,197.44,0.0,0.93,0.0,0.9,0.0,0.32,0.0,0.0,0.0,0.0,0.728,0.005,,,,
HINDALCO.NS,BUY,1076.7,2026-06-10,68.8,0.812,1017.96,1164.81,SIDEWAYS,-0.534,-0.934,0,0.248,-1.182,-1.544,-1.944,0,3.244,-5.188,-2.127,-2.527,0,4.247,-6.774,-5.166,-5.566,0.0,3.97,-9.536,2026-06-11,1029.8,0.0,0.965,0.0,0.9,0.0,0.3,0.0,0.0,0.0,0.0,0.9,0.005,,,,
NTPC.NS,BUY,355.65,2026-06-10,69.1,0.696,338.4,381.52,SIDEWAYS,-0.043,-0.443,0,0.248,-0.69,-1.108,-1.508,0,3.244,-4.752,1.009,0.609,1,4.247,-3.639,1.435,1.035,1.0,3.97,-2.935,2026-06-11,352.0,0.0,0.614,0.0,0.9,0.0,0.55,0.0,0.0,0.0,0.0,-0.017,-0.579,,,,
COALINDIA.NS,BUY,466.9,2026-06-10,63.5,0.604,439.34,508.24,SIDEWAYS,-1.064,-1.464,0,0.248,-1.712,-1.541,-1.941,0,3.244,-5.185,1.053,0.653,1,4.247,-3.594,-2.051,-2.451,0.0,3.97,-6.421,2026-06-11,451.0,0.0,0.579,0.0,0.0,0.0,0.266,0.0,0.0,0.0,0.0,0.808,0.005,,,,
BAJAJ-AUTO.NS,BUY,10184.0,2026-06-10,63.5,0.601,9771.43,10802.86,SIDEWAYS,-0.128,-0.528,0,0.248,-0.776,-1.817,-2.217,0,3.244,-5.461,-0.839,-1.239,0,4.247,-5.487,-3.723,-4.123,0.0,3.97,-8.093,2026-06-11,10127.0,0.0,0.754,0.0,0.0,0.0,0.223,0.0,0.0,0.0,0.0,0.861,0.009,,,,
SIEMENS.NS,BUY,3619.8,2026-06-10,69.5,0.572,3367.61,3998.08,SIDEWAYS,-0.951,-1.351,0,0.248,-1.598,1.294,0.894,1,3.244,-2.35,4.77,4.37,1,4.247,0.122,0.16,-0.24,0.0,3.97,-4.21,2026-06-11,3555.8,0.0,0.298,0.0,0.9,0.0,-0.351,0.0,0.0,0.0,0.0,0.9,0.786,,,,
ONGC.NS,BUY,259.0,2026-06-10,61.3,0.538,246.85,277.23,SIDEWAYS,-0.138,-0.538,0,0.248,-0.786,-3.677,-4.077,0,3.244,-7.321,-3.143,-3.543,0,4.247,-7.79,-5.12,-5.52,0.0,3.97,-9.49,2026-06-11,252.95,0.0,0.825,0.0,0.9,0.0,0.148,0.0,0.0,0.0,0.0,0.129,-0.579,,,,
TATACONSUM.NS,BUY,1106.5,2026-06-10,61.2,0.454,1055.63,1182.81,SIDEWAYS,0.054,-0.346,0,0.248,-0.593,-0.686,-1.086,0,3.244,-4.33,1.489,1.089,1,4.247,-3.158,-0.894,-1.294,0.0,3.97,-5.264,2026-06-11,1108.0,0.0,0.404,0.0,0.9,0.0,-0.032,0.0,0.0,0.0,0.0,0.461,-0.618,,,,
TATAPOWER.NS,BUY,398.65,2026-06-10,67.0,0.476,382.81,422.4,SIDEWAYS,-0.434,-0.834,0,0.248,-1.081,3.1,2.7,1,3.244,-0.544,2.437,2.037,1,4.247,-2.211,0.293,-0.107,0.0,3.97,-4.077,2026-06-11,391.95,0.0,0.088,0.0,0.9,0.0,0.313,0.0,0.0,0.0,0.0,0.754,-0.579,,,,
BLUEDART.NS,BUY,4710.1,2026-06-11,70.0,0.8,4540.54,4964.44,SIDEWAYS,0.603,0.203,1,0.898,-0.696,2.205,1.805,1,2.463,-0.658,2.966,2.566,1,3.227,-0.661,5.332,4.932,1.0,2.748,2.184,2026-06-12,4730.1,0.0,0.0,0.0,0.0,0.0,0.0,0.0,0.0,0.0,0.0,0.0,0.8,0.0,0.0,0.0,
AEGISLOG.NS,BUY,925.9,2026-06-11,70.0,0.8,853.25,1034.88,SIDEWAYS,-1.25,-1.65,0,0.898,-2.548,3.069,2.669,1,2.463,0.206,5.286,4.886,1,3.227,1.659,19.271,18.871,1.0,2.748,16.123,2026-06-12,956.35,0.0,0.0,0.0,0.0,0.0,0.0,0.0,0.0,0.0,0.0,0.0,0.8,0.0,0.0,0.0,
HDFCAMC.NS,SELL,2455.9,2026-06-12,72.4,-0.25,2586.37,2260.19,SIDEWAYS,-4.916,-5.316,0,-0.546,-4.77,-8.444,-8.844,0,0.42,-9.264,-8.76,-9.16,0,0.118,-9.278,-5.988,-6.388,0.0,-0.161,-6.227,2026-06-15,2500.0,0.0,0.164,0.0,0.0,0.0,0.13,0.0,0.0,0.0,0.0,,-0.125,0.0,0.0,0.0,0.2
HINDUNILVR.NS,SELL,2168.8,2026-06-12,65.3,-0.309,2254.33,2040.51,SIDEWAYS,1.995,1.595,1,-0.546,2.141,0.109,-0.291,0,0.42,-0.711,0.245,-0.155,0,0.118,-0.272,1.173,0.773,1.0,-0.161,0.934,2026-06-15,2200.0,0.0,-0.192,0.0,0.0,0.0,0.069,0.0,0.0,0.0,0.0,,-0.327,0.0,0.0,0.0,0.2
KOTAKBANK.NS,SELL,403.3,2026-06-12,63.6,-0.315,419.77,378.59,SIDEWAYS,0.551,0.151,1,-0.546,0.697,0.858,0.458,1,0.42,0.037,2.145,1.745,1,0.118,1.627,-0.245,-0.645,0.0,-0.161,-0.484,2026-06-15,408.0,0.0,-0.26,0.0,-0.9,0.0,0.463,0.0,0.0,0.0,0.0,,0.45,0.0,0.0,0.0,0.5
ICICIBANK.NS,SELL,1340.8,2026-06-12,63.2,-0.343,1390.69,1265.97,SIDEWAYS,1.993,1.593,1,-0.546,2.139,1.314,0.914,1,0.42,0.494,0.598,0.198,1,0.118,0.08,-2.429,-2.829,0.0,-0.161,-2.668,2026-06-15,1354.6,0.0,-0.329,0.0,-0.9,0.0,0.65,0.0,0.0,0.0,0.0,,0.45,0.0,0.0,0.0,0.5
PIDILITIND.NS,SELL,1535.5,2026-06-12,68.2,-0.344,1588.43,1456.11,SIDEWAYS,-0.14,-0.54,0,-0.546,0.006,-0.599,-0.999,0,0.42,-1.42,-0.708,-1.108,0,0.118,-1.225,-1.798,-2.198,0.0,-0.161,-2.037,2026-06-15,1568.8,0.0,-0.164,0.0,-0.5,0.0,-0.036,0.0,0.0,0.0,0.0,,-0.23,0.0,0.0,0.0,0.8
BPCL.NS,SELL,302.35,2026-06-12,60.7,-0.349,315.73,282.28,SIDEWAYS,1.397,0.997,1,-0.546,1.543,-0.937,-1.337,0,0.42,-1.757,2.667,2.267,1,0.118,2.149,1.667,1.267,1.0,-0.161,1.428,2026-06-15,315.0,0.0,-0.425,0.0,0.0,0.0,-0.12,0.0,0.0,0.0,0.0,,-0.086,0.0,0.0,0.0,0.0
COLPAL.NS,SELL,2079.0,2026-06-12,66.1,-0.364,2158.83,1959.26,SIDEWAYS,2.014,1.614,1,-0.546,2.16,3.133,2.733,1,0.42,2.313,4.867,4.467,1,0.118,4.349,5.095,4.695,1.0,-0.161,4.856,2026-06-15,2100.0,0.0,-0.274,0.0,-0.5,0.0,-0.052,0.0,0.0,0.0,0.0,,-0.327,0.0,0.0,0.0,0.2
BLUESTARCO.NS,SELL,1583.8,2026-06-12,75.8,-0.368,1675.33,1446.51,SIDEWAYS,0.42,0.02,1,-0.546,0.566,-4.796,-5.196,0,0.42,-5.617,-3.109,-3.509,0,0.118,-3.627,-1.187,-1.587,0.0,-0.161,-1.426,2026-06-15,1618.0,0.0,0.041,0.0,0.0,0.0,-0.45,0.0,0.0,0.0,0.0,,-0.177,0.0,0.0,0.0,0.0
BHARTIHEXA.NS,SELL,1477.4,2026-06-12,64.9,-0.412,1542.97,1379.04,SIDEWAYS,1.298,0.898,1,-0.546,1.444,2.167,1.767,1,0.42,1.347,0.033,-0.367,0,0.118,-0.484,1.204,0.804,1.0,-0.161,0.965,2026-06-15,1495.0,0.0,-0.411,0.0,0.0,0.0,0.35,0.0,0.0,0.0,0.0,,0.0,0.0,0.0,0.0,0.0
AARTIIND.NS,SELL,440.6,2026-06-12,75.4,-0.429,467.92,399.62,SIDEWAYS,-11.194,-11.594,0,-0.546,-11.048,-6.964,-7.364,0,0.42,-7.785,-8.147,-8.547,0,0.118,-8.665,-4.029,-4.429,0.0,-0.161,-4.268,2026-06-15,448.0,0.0,-0.096,0.0,0.0,0.0,0.014,0.0,0.0,0.0,0.0,,-0.23,0.0,0.0,0.0,0.2
BIKAJI.NS,SELL,659.55,2026-06-15,71.2,-0.476,692.98,609.41,SIDEWAYS,-1.946,-2.346,0,0.273,-2.619,0.053,-0.347,0,1.02,-1.367,-0.432,-0.832,0,0.748,-1.58,2.666,2.266,1.0,,,2026-06-16,660.2,0.0,-0.329,0.0,0.0,0.0,0.95,0.0,0.0,0.0,0.0,,0.0,0.0,0.0,0.0,0.2
HAL.NS,SELL,4284.7,2026-06-15,69.9,-0.468,4473.39,4001.67,SIDEWAYS,1.023,0.623,1,0.273,0.351,-2.598,-2.998,0,1.02,-4.018,-5.01,-5.41,0,0.748,-6.158,-1.0,-1.4,0.0,,,2026-06-16,4299.8,0.0,-0.356,0.0,0.0,0.0,0.008,0.0,0.0,0.0,0.0,,0.013,0.0,0.0,0.0,0.2
BHARTIHEXA.NS,SELL,1475.6,2026-06-15,68.2,-0.461,1542.63,1375.06,SIDEWAYS,1.248,0.848,1,0.273,0.575,3.041,2.641,1,1.02,1.621,-1.497,-1.897,0,0.748,-2.645,2.886,2.486,1.0,,,2026-06-16,1482.9,0.0,-0.397,0.0,0.0,0.0,-0.092,0.0,0.0,0.0,0.0,,0.0,0.0,0.0,0.0,0.0
ARE&M.NS,SELL,837.1,2026-06-15,61.5,-0.424,884.85,765.47,SIDEWAYS,0.238,-0.162,0,0.273,-0.435,-1.345,-1.745,0,1.02,-2.765,-1.999,-2.399,0,0.748,-3.147,2.148,1.748,1.0,,,2026-06-16,840.4,0.0,-0.548,0.0,0.0,0.0,-0.039,0.0,0.0,0.0,0.0,,0.0,0.0,0.0,0.0,0.0
ANGELONE.NS,SELL,352.3,2026-06-15,77.0,-0.457,377.18,314.98,SIDEWAYS,1.346,0.946,1,0.273,0.673,0.057,-0.343,0,1.02,-1.364,-0.51,-0.91,0,0.748,-1.658,6.87,6.47,1.0,,,2026-06-16,353.0,0.0,-0.096,0.0,-0.5,0.0,0.15,0.0,0.0,0.0,0.0,,0.0,0.0,0.0,0.0,0.8
AARTIIND.NS,SELL,498.15,2026-06-15,72.4,-0.401,530.63,449.43,SIDEWAYS,-0.232,-0.632,0,0.273,-0.905,1.836,1.436,1,1.02,0.416,1.887,1.487,1,0.748,0.739,7.739,7.339,1.0,,,2026-06-16,495.55,0.0,-0.137,0.0,-0.9,0.0,-0.75,0.0,0.0,0.0,0.0,,0.179,0.0,0.0,0.0,0.8
TECHM.NS,SELL,1425.6,2026-06-15,62.8,-0.356,1516.46,1289.31,SIDEWAYS,-0.815,-1.215,0,0.273,-1.488,-0.878,-1.278,0,1.02,-2.298,-0.007,-0.407,0,0.748,-1.155,0.091,-0.309,0.0,,,2026-06-16,1435.1,0.0,-0.37,0.0,0.9,0.0,0.077,0.0,0.0,0.0,0.0,,-0.476,0.0,0.0,0.0,0.2
CHOLAFIN.NS,SELL,1653.6,2026-06-15,67.4,-0.337,1757.19,1498.22,SIDEWAYS,-1.849,-2.249,0,0.273,-2.521,-2.364,-2.764,0,1.02,-3.784,-4.176,-4.576,0,0.748,-5.324,-7.522,-7.922,0.0,,,2026-06-16,1649.9,0.0,-0.178,0.0,-0.9,0.0,0.254,0.0,0.0,0.0,0.0,,-0.14,0.0,0.0,0.0,0.5
DABUR.NS,SELL,429.15,2026-06-15,65.7,-0.316,447.65,401.4,SIDEWAYS,-1.267,-1.667,0,0.273,-1.94,0.302,-0.098,0,1.02,-1.118,1.802,1.402,1,0.748,0.654,0.86,0.46,1.0,,,2026-06-16,430.0,0.0,-0.192,0.0,-0.5,0.0,0.252,0.0,0.0,0.0,0.0,,-0.402,0.0,0.0,0.0,0.0
COLPAL.NS,SELL,2057.7,2026-06-15,68.7,-0.406,2145.44,1926.09,SIDEWAYS,-1.422,-1.822,0,0.273,-2.095,1.944,1.544,1,1.02,0.524,4.135,3.735,1,0.748,2.987,3.304,2.904,1.0,,,2026-06-16,2067.5,0.0,-0.274,0.0,0.0,0.0,-0.05,0.0,0.0,0.0,0.0,,-0.402,0.0,0.0,0.0,0.2
BHARTIHEXA.NS,SELL,1464.4,2026-06-16,73.7,-0.511,1533.44,1360.84,SIDEWAYS,0.123,-0.277,0,0.171,-0.448,-2.055,-2.455,0,-0.131,-2.325,-2.677,-3.077,0,-0.917,-2.16,,,,,,2026-06-17,1464.4,0.0,-0.315,0.0,0.0,0.0,-0.126,0.0,0.0,0.0,0.0,,0.0,0.0,0.0,0.0,0.0
ARE&M.NS,SELL,838.4,2026-06-16,64.0,-0.48,882.44,772.35,SIDEWAYS,-1.815,-2.215,0,0.171,-2.387,-0.554,-0.954,0,-0.131,-0.823,-0.435,-0.835,0,-0.917,0.082,,,,,,2026-06-17,840.0,0.0,-0.575,0.0,0.0,0.0,0.074,0.0,0.0,0.0,0.0,,0.0,0.0,0.0,0.0,0.0
BALKRISIND.NS,SELL,2230.6,2026-06-16,66.6,-0.46,2392.93,1987.11,SIDEWAYS,-0.445,-0.845,0,0.171,-1.017,0.102,-0.298,0,-0.131,-0.167,0.966,0.566,1,-0.917,1.483,,,,,,2026-06-17,2246.0,0.0,-0.452,0.0,0.0,0.0,-0.035,0.0,0.0,0.0,0.0,,0.217,0.0,0.0,0.0,0.2
COLPAL.NS,SELL,2096.9,2026-06-16,67.4,-0.372,2190.17,1956.99,SIDEWAYS,2.202,1.802,1,0.171,1.631,3.952,3.552,1,-0.131,3.683,4.784,4.384,1,-0.917,5.3,,,,,,2026-06-17,2080.0,0.0,-0.247,0.0,-0.5,0.0,0.317,0.0,0.0,0.0,0.0,,-0.393,0.0,0.0,0.0,0.2
CHOLAFIN.NS,SELL,1680.4,2026-06-16,69.9,-0.366,1789.11,1517.33,SIDEWAYS,0.071,-0.329,0,0.171,-0.5,-0.774,-1.174,0,-0.131,-1.043,-2.708,-3.108,0,-0.917,-2.191,,,,,,2026-06-17,1680.4,0.0,-0.151,0.0,-0.9,0.0,0.31,0.0,0.0,0.0,0.0,,-0.051,0.0,0.0,0.0,0.5
TECHM.NS,SELL,1446.8,2026-06-16,63.6,-0.356,1542.34,1303.49,SIDEWAYS,-0.509,-0.909,0,0.171,-1.08,3.12,2.72,1,-0.131,2.851,2.708,2.308,1,-0.917,3.225,,,,,,2026-06-17,1455.0,0.0,-0.342,0.0,0.5,0.0,-0.021,0.0,0.0,0.0,0.0,,-0.332,0.0,0.0,0.0,0.2
ABBOTINDIA.NS,SELL,26100.0,2026-06-16,61.1,-0.308,27208.57,24437.14,SIDEWAYS,0.173,-0.227,0,0.171,-0.398,-0.827,-1.227,0,-0.131,-1.096,1.654,1.254,1,-0.917,2.17,,,,,,2026-06-17,26000.0,0.0,-0.329,0.0,0.0,0.0,0.177,0.0,0.0,0.0,0.0,,-0.391,0.0,0.0,0.0,0.0
DABUR.NS,SELL,435.45,2026-06-16,63.2,-0.267,455.06,406.03,SIDEWAYS,1.379,0.979,1,0.171,0.808,2.644,2.244,1,-0.131,2.374,3.494,3.094,1,-0.917,4.011,,,,,,2026-06-17,435.0,0.0,-0.178,0.0,-0.5,0.0,0.304,0.0,0.0,0.0,0.0,,-0.393,0.0,0.0,0.0,0.0
HINDUNILVR.NS,SELL,2199.9,2026-06-16,61.9,-0.26,2297.19,2053.97,SIDEWAYS,0.159,-0.241,0,0.171,-0.412,0.295,-0.105,0,-0.131,0.026,1.863,1.463,1,-0.917,2.379,,,,,,2026-06-17,2201.1,0.0,-0.205,0.0,-0.5,0.0,0.187,0.0,0.0,0.0,0.0,,-0.393,0.0,0.0,0.0,0.2
AARTIIND.NS,SELL,496.7,2026-06-16,68.7,-0.324,530.34,446.25,SIDEWAYS,3.523,3.123,1,0.171,2.952,2.456,2.056,1,-0.131,2.187,4.651,4.251,1,-0.917,5.167,,,,,,2026-06-17,496.7,0.0,-0.11,0.0,-0.9,0.0,-0.75,0.0,0.0,0.0,0.0,,0.106,0.0,0.0,0.0,0.5
ABBOTINDIA.NS,SELL,25955.0,2026-06-17,64.9,-0.391,27117.86,24210.71,SIDEWAYS,-0.23,-0.63,0,0.391,-1.021,0.077,-0.323,0,0.121,-0.444,1.878,1.478,1,-0.217,1.695,,,,,,2026-06-18,26085.0,0.0,-0.37,0.0,0.5,0.0,0.214,0.0,0.0,0.0,0.0,,-0.373,0.0,0.0,0.0,0.0
BSOFT.NS,SELL,323.6,2026-06-17,60.7,-0.472,345.94,290.09,SIDEWAYS,-0.666,-1.066,0,0.391,-1.457,1.842,1.442,1,0.121,1.321,4.675,4.275,1,-0.217,4.492,,,,,,2026-06-18,323.0,0.0,-0.671,0.0,-0.5,0.0,0.007,0.0,0.0,0.0,0.0,,-0.192,0.0,0.0,0.0,-0.2
AEGISLOG.NS,SELL,1006.95,2026-06-17,64.5,-0.398,1102.67,863.37,SIDEWAYS,0.005,-0.395,0,0.391,-0.786,-6.232,-6.632,0,0.121,-6.753,-5.556,-5.956,0,-0.217,-5.74,,,,,,2026-06-18,1006.95,0.0,-0.397,0.0,-0.9,0.0,-0.159,0.0,0.0,0.0,0.0,,0.8,0.0,0.0,0.0,0.8
HAL.NS,SELL,4460.5,2026-06-17,62.8,-0.39,4667.26,4150.36,SIDEWAYS,1.441,1.041,1,0.391,0.65,-0.876,-1.276,0,0.121,-1.397,2.393,1.993,1,-0.217,2.209,,,,,,2026-06-18,4476.0,0.0,-0.438,0.0,-0.9,0.0,-0.15,0.0,0.0,0.0,0.0,,0.017,0.0,0.0,0.0,0.2
AMBUJACEM.NS,SELL,426.45,2026-06-17,63.6,-0.487,448.81,392.91,SIDEWAYS,-0.467,-0.867,0,0.391,-1.259,-0.0,-0.4,0,0.121,-0.521,0.269,-0.131,0,-0.217,0.085,,,,,,2026-06-18,428.0,0.0,-0.603,0.0,-0.5,0.0,0.35,0.0,0.0,0.0,0.0,,-0.155,0.0,0.0,0.0,-0.2
ATUL.NS,SELL,6455.0,2026-06-17,68.2,-0.296,6788.43,5954.86,SIDEWAYS,-0.015,-0.415,0,0.391,-0.807,-0.723,-1.123,0,0.121,-1.244,-1.746,-2.146,0,-0.217,-1.93,,,,,,2026-06-18,6499.0,0.0,-0.068,0.0,0.5,0.0,0.64,0.0,0.0,0.0,0.0,,0.096,0.0,0.0,0.0,0.2
AARTIIND.NS,SELL,479.2,2026-06-17,69.1,-0.283,515.71,424.43,SIDEWAYS,-1.091,-1.491,0,0.391,-1.882,-1.039,-1.439,0,0.121,-1.56,3.044,2.644,1,-0.217,2.861,,,,,,2026-06-18,481.2,0.0,-0.014,0.0,-0.5,0.0,-0.45,0.0,0.0,0.0,0.0,,0.096,0.0,0.0,0.0,0.5
DMART.NS,SELL,4287.5,2026-06-17,66.6,-0.255,4512.5,3950.0,SIDEWAYS,-0.156,-0.556,0,0.391,-0.947,-0.712,-1.112,0,0.121,-1.233,-0.837,-1.237,0,-0.217,-1.021,,,,,,2026-06-18,4300.0,0.0,-0.041,0.0,-0.9,0.0,0.279,0.0,0.0,0.0,0.0,,0.0,0.0,0.0,0.0,0.2
DABUR.NS,SELL,429.0,2026-06-17,69.9,-0.379,447.65,401.03,SIDEWAYS,0.186,-0.214,0,0.391,-0.605,1.688,1.288,1,0.121,1.167,1.257,0.857,1,-0.217,1.074,,,,,,2026-06-18,429.5,0.0,-0.178,0.0,0.0,0.0,-0.031,0.0,0.0,0.0,0.0,,-0.338,0.0,0.0,0.0,0.0
AEGISVOPAK.NS,SELL,238.08,2026-06-17,70.0,-0.493,259.11,206.54,SIDEWAYS,-1.933,-2.333,0,0.391,-2.724,-3.271,-3.671,0,0.121,-3.791,2.868,2.468,1,-0.217,2.685,,,,,,2026-06-18,238.49,0.0,-0.493,0.0,-0.9,0.0,-0.231,0.0,0.0,0.0,0.0,,0.0,0.0,0.0,0.0,0.2
